province,lat,lon,Year,Mean Max Temp,Mean Min Temp,Mean Temp
ALBERTA,53.55,-114.11,1980,8,-1.625,3.191666667
ALBERTA,53.55,-114.11,1981,10.48333333,0.433333333,5.466666667
ALBERTA,53.55,-114.11,1982,6.125,-3.575,1.266666667
ALBERTA,53.55,-114.11,1983,7.641666667,-1.608333333,3.016666667
ALBERTA,53.55,-114.11,1984,8.3,-1.616666667,3.35
ALBERTA,53.55,-114.11,1985,7.841666667,-2.25,2.791666667
ALBERTA,53.55,-114.11,1986,9.083333333,-0.675,4.216666667
ALBERTA,53.55,-114.11,1987,11.18333333,0.883333333,6.041666667
ALBERTA,53.55,-114.11,1988,10.19166667,-0.375,4.908333333
ALBERTA,53.55,-114.11,1989,8.275,-1.833333333,3.216666667
ALBERTA,53.55,-114.11,1990,8.583333333,-1.55,3.508333333
ALBERTA,53.55,-114.11,1991,9.383333333,-0.483333333,4.466666667
ALBERTA,53.55,-114.11,1992,9.116666667,-0.516666667,4.333333333
ALBERTA,53.55,-114.11,1993,8.958333333,-0.741666667,4.125
ALBERTA,53.55,-114.11,1994,8.141666667,-1.475,3.35
ALBERTA,53.55,-114.11,1995,7.616666667,-1.891666667,2.866666667
ALBERTA,53.55,-114.11,1996,5.7,-3.333333333,1.2
ALBERTA,53.55,-114.11,1997,8.983333333,-0.458333333,4.283333333
ALBERTA,53.55,-114.11,1998,9.525,0.041666667,4.791666667
ALBERTA,53.55,-114.11,1999,9.775,-0.45,4.666666667
ALBERTA,53.55,-114.11,2000,8.741666667,-1.383333333,3.675
ALBERTA,53.55,-114.11,2001,10.14166667,-0.2,4.975
ALBERTA,53.55,-114.11,2002,8.558333333,-1.308333333,3.65
ALBERTA,53.55,-114.11,2003,8.741666667,-1.133333333,3.808333333
ALBERTA,53.55,-114.11,2004,9.058333333,-0.958333333,4.066666667
ALBERTA,53.55,-114.11,2005,9.975,-0.333333333,4.825
ALBERTA,53.55,-114.11,2006,9.683333333,-0.05,4.816666667
ALBERTA,53.55,-114.11,2007,10.19090909,0.372727273,5.290909091
ALBERTA,53.55,-114.11,2008,9.308333333,-1.533333333,3.9
ALBERTA,53.55,-114.11,2009,8.733333333,-2.416666667,3.175
ALBERTA,53.55,-114.11,2010,9.1,-1.183333333,3.966666667
ALBERTA,53.55,-114.11,2011,8.958333333,-1.641666667,3.666666667
ALBERTA,53.55,-114.11,2012,9.008333333,-1.458333333,3.791666667
ALBERTA,53.55,-114.11,2013,9.358333333,-1.475,3.958333333
ALBERTA,53.55,-114.11,2014,8.858333333,-1.691666667,3.591666667
ALBERTA,53.55,-114.11,2015,10.85,-0.175,5.333333333
ALBERTA,53.55,-114.11,2016,10.55,0.366666667,5.466666667
ALBERTA,53.55,-114.11,2017,8.675,-1.191666667,3.75
